<?xml version="1.0" encoding="UTF-8"?>
<project-private xmlns="http://www.netbeans.org/ns/project-private/1">
    <editor-bookmarks xmlns="http://www.netbeans.org/ns/editor-bookmarks/2" lastBookmarkId="0"/>
    <open-files xmlns="http://www.netbeans.org/ns/projectui-open-files/2">
        <group>
            <file>file:/D:/Code/Project/Github/LAB211/1/LAB211_01/StoreManagement/src/sample/controller/WarehouseList.java</file>
            <file>file:/D:/Code/Project/Github/LAB211/1/LAB211_01/StoreManagement/src/sample/controller/ReportList.java</file>
            <file>file:/D:/Code/Project/Github/LAB211/1/LAB211_01/StoreManagement/src/sample/service/ServiceManager.java</file>
            <file>file:/D:/Code/Project/Github/LAB211/1/LAB211_01/StoreManagement/src/sample/entities/Warehouse.java</file>
            <file>file:/D:/Code/Project/Github/LAB211/1/LAB211_01/StoreManagement/src/sample/view/StoreManagement.java</file>
            <file>file:/D:/Code/Project/Github/LAB211/1/LAB211_01/StoreManagement/src/sample/controller/ProductList.java</file>
        </group>
    </open-files>
</project-private>
